{"cameraMode":{"drawMode":0,"name":"Shaded","section":"Shading Mode"},"sceneLighting":false,"audioPlay":false,"sceneViewState":{"m_AlwaysRefresh":false,"showFog":false,"showSkybox":false,"showFlares":false,"showImageEffects":false,"showParticleSystems":false,"showVisualEffectGraphs":true,"m_FxEnabled":true},"in2DMode":false,"pivot":{"x":-2.086162567138672e-7,"y":3.2782554626464846e-7,"z":3.5762786865234377e-7},"rotation":{"x":-0.009648017585277558,"y":0.9738156795501709,"z":-0.22319991886615754,"w":-0.0420941486954689},"size":1.1752806901931763,"orthographic":false}